name,time,vol
Random Initialization,13.739092826843262,73.14244196243757
Random Initialization * 2,14.164895057678223,68.83909451967585
K-means,0.10350489616394043,330.3372268240623
K-means Initialization,66.0265839099884,43.02253954414792
GMM,0.12219500541687012,291.8433325472543
GMM Initialization,38.26564288139343,36.61415791544734
